<?xml version="1.0" encoding="UTF-8"?>
<templates id="template" xml:space="preserve">
    <div t-name="GoogleMapView.MapView" class="o_google_map_container">
        <div class="o_google_map_view"></div>
        <div class="o_map_right_sidebar open">
            <div class="content"/>
            <div class="toggle_right_sidenav">
                <button data-toggle="tooltip" data-placement="right" title="Expand side panel"></button>
            </div>
        </div>
    </div>
    <t t-name="GoogleMapView.buttons">
        <div class="o_list_buttons">
            <div class="o_form_marker_buttons_actions pb-2">
                <t t-if="widget.is_action_enabled('create')">
                    <button type="button" class="btn btn-primary o-map-button-new" accesskey="c">
                        <t t-esc="create_text || _t('Create')"/>
                    </button>
                </t>
                <button type="button" class="btn btn-secondary o-map-button-center-map">
                    <t t-esc="_t('Center Map')"/>
                </button>
            </div>
            <div class="o_form_marker_buttons_edit o_hidden">
                <button type="button" class="btn btn-primary o-map-button-marker-save">
                    <t t-esc="_('Save')"/>
                </button>
                <button type="button" class="btn btn-secondary o-map-button-marker-discard">
                    <t t-esc="_('Discard')"/>
                </button>
            </div>
        </div>
    </t>
    <t t-name="FormView.marker_edit_button">
        <t t-if="widget.is_action_enabled('edit')">
            <button type="button" class="btn btn-secondary o-map-button-marker-edit o_hidden">
                <t t-esc="_('Edit Geolocation')"/>
            </button>
        </t>
    </t>
    <t t-name="GoogleMapView.Sidebar">
        <div class="o_map_sidebar">
            <ul class="list-group">
                <t t-foreach="widget.records" t-as="record">
                    <t t-set="title" t-value="widget.getTitle(record)"/>
                    <t t-set="subtitle" t-value="widget.getSubtitle(record)"/>
                    <t t-set="has_geolocation" t-value="widget.hasGeolocation(record)"/>
                    <t t-set="marker_color" t-value="widget.getMarkerColor(record)"/>
                    <t t-if="has_geolocation">
                        <li class="list-group-item d-flex justify-content-between align-items-center pb-1 pt-1">
                            <a href="#" class="flex-grow-1 o_map_sidebar_record" t-att-data-id="record.id" t-att-data-res-id="record.res_id" t-attf-style="color: #{marker_color};">
                                <span class="title" t-esc="title"/>
                                <t t-if="subtitle">
                                    <br/>
                                    <small class="text-muted" t-esc="subtitle"/>
                                </t>
                            </a>
                            <button type="button" class="btn btn-sm btn-light" id="open-record" data-toggle="tooltip" title="Open form">
                                <i class="fa fa-wpforms"></i>
                            </button>
                        </li>
                    </t>
                    <t t-else="">
                        <li class="list-group-item d-flex justify-content-between align-items-center pb-1 pt-1 disabled">
                            <a href="#" class="flex-grow-1 o_map_sidebar_record" data-toggle="tooltip" title="No geolocation" t-att-data-id="record.id" t-attf-style="color: #{marker_color};">
                                <span class="title" t-esc="title"/>
                                <t t-if="subtitle">
                                    <br/>
                                    <small class="text-muted" t-esc="subtitle"/>
                                </t>
                            </a>
                            <button type="button" class="btn btn-sm btn-light" id="open-record" data-toggle="tooltip" title="Open form">
                                <i class="fa fa-wpforms"></i>
                            </button>
                        </li>
                    </t>
                </t>
            </ul>
        </div>
    </t>
    <t t-name="GoogleMapView.GeolocateUser">
        <div class="button-geolocate-user">
            <div class="button_geolocate_user">
                <button class="btn btn-sm btn-light mt-2" type="button" title="My Current location">
                    <i class="fa fa-location-arrow fa-2x"></i>
                </button>
            </div>
        </div>
    </t>
    <t t-name="GoogleMapView.InfoMarkerButtonAction">
        <div>
            <div class="row float-right pt-1 pb-1">
                <div class="col-md-12">
                    <button type="button" class="btn btn-primary" id="btn-open_form" data-toggle="tooltip" title="Open form view">
                        <i class="fa fa-wpforms"></i>
                        <span class="text-uppercase">Open</span>
                    </button>
                    <a t-attf-href="https://www.google.com/maps/dir/?api=1&amp;destination={{ destination }}" target="_blank" class="btn btn-info" id="btn-navigate_to" data-toggle="tooltip" title="Navigate to this location" t-if="!widget.disableNavigation">
                        <i class="fa fa-external-link-square"></i>
                        <span class="text-uppercase">Navigate to</span>
                    </a>
                </div>
            </div>
        </div>
    </t>
</templates>
